0,1,2,3,4,5,6,7,8,9,10,11,12,13,14
0.14862431585788727,0.18176691234111786,0.17756514251232147,0.04528052732348442,0.05218906328082085,0.04802270606160164,0.10004278272390366,0.08855711668729782,0.10564451664686203,0.10996988415718079,0.1084444671869278,0.11245560646057129,0.3181670606136322,0.3206501305103302,0.34569910168647766
0.11588100343942642,0.15478093922138214,0.1459856927394867,0.03291410580277443,0.03713720291852951,0.035347409546375275,0.09560412168502808,0.08486250787973404,0.10110397636890411,0.09689642488956451,0.09626299887895584,0.09850562363862991,0.28278058767318726,0.2874627113342285,0.3081378638744354
0.11214054375886917,0.15167489647865295,0.14152288436889648,0.03172783553600311,0.0356338694691658,0.03379741311073303,0.09173043072223663,0.08103939890861511,0.09548419713973999,0.08777721971273422,0.08867646008729935,0.08979158848524094,0.2724514901638031,0.27623897790908813,0.29621076583862305
0.10983280837535858,0.14993736147880554,0.13940994441509247,0.03129912540316582,0.03506455570459366,0.033263977617025375,0.08627289533615112,0.07685229182243347,0.08928855508565903,0.0853908509016037,0.0866934284567833,0.08746010810136795,0.2680949866771698,0.2714822590351105,0.29073718190193176
0.10834939777851105,0.14883865416049957,0.138034850358963,0.031000928953289986,0.034706953912973404,0.03294917196035385,0.08362405747175217,0.0748746320605278,0.08644270896911621,0.0840664654970169,0.085555799305439,0.08613532036542892,0.2647075355052948,0.26813405752182007,0.2869894206523895
0.10733816772699356,0.14798429608345032,0.13705256581306458,0.030781619250774384,0.03442390263080597,0.032718725502491,0.08261923491954803,0.07391154021024704,0.08514617383480072,0.08313879370689392,0.08478759974241257,0.08525040745735168,0.2618330717086792,0.2650517523288727,0.28381577134132385
0.10646388679742813,0.1472025364637375,0.13610295951366425,0.03062247298657894,0.03422686457633972,0.03253746032714844,0.08202160149812698,0.0732780247926712,0.08431646972894669,0.08244673907756805,0.08419197052717209,0.084601491689682,0.25948575139045715,0.2627115249633789,0.2811690866947174
0.10577902942895889,0.1467115730047226,0.13537685573101044,0.030413705855607986,0.03401840850710869,0.032346468418836594,0.08158746361732483,0.07288634777069092,0.08373044431209564,0.08190395683050156,0.08366430550813675,0.08405477553606033,0.2574920952320099,0.26062995195388794,0.2788904011249542
0.10511548817157745,0.14611680805683136,0.13455696403980255,0.03028222918510437,0.03384796902537346,0.03219439461827278,0.08125458657741547,0.07259850203990936,0.0832538902759552,0.08139851689338684,0.08324696868658066,0.08358746767044067,0.2556746006011963,0.25891101360321045,0.2768634855747223
0.10451802611351013,0.14567454159259796,0.13394489884376526,0.030177244916558266,0.033713970333337784,0.032057397067546844,0.08091773092746735,0.07233645021915436,0.08289310336112976,0.08092834800481796,0.08278434723615646,0.08314871042966843,0.25397735834121704,0.25718432664871216,0.27490073442459106
0.10403282940387726,0.14524440467357635,0.1333826631307602,0.03004833683371544,0.0335661955177784,0.03192104026675224,0.08067628741264343,0.07214286923408508,0.08252464979887009,0.08046457916498184,0.08235576003789902,0.08273905515670776,0.2525206506252289,0.2557827830314636,0.2733186185359955
0.10352833569049835,0.14494821429252625,0.1328488141298294,0.029924821108579636,0.03342156484723091,0.031778715550899506,0.08042576164007187,0.0719621330499649,0.08229586482048035,0.08007469773292542,0.08200304955244064,0.08233451843261719,0.25132879614830017,0.25439006090164185,0.2718801200389862
0.10302306711673737,0.1445816308259964,0.13228176534175873,0.029792871326208115,0.033299628645181656,0.03164267539978027,0.08020937442779541,0.07181652635335922,0.08204664289951324,0.07969216257333755,0.08158606290817261,0.08197273313999176,0.25007525086402893,0.2529682517051697,0.27062350511550903
0.10254494845867157,0.14421473443508148,0.1318875253200531,0.029712969437241554,0.03320908918976784,0.03152703866362572,0.08006786555051804,0.07169894129037857,0.08182377368211746,0.07939993590116501,0.08131010830402374,0.08165737241506577,0.248841792345047,0.25198298692703247,0.26946109533309937
0.10215640813112259,0.143942192196846,0.1315944641828537,0.029617302119731903,0.03308866545557976,0.03141546994447708,0.07991111278533936,0.07157321274280548,0.08162250369787216,0.07912889868021011,0.08100147545337677,0.08139140903949738,0.24794448912143707,0.2509492337703705,0.2683028280735016
0.10178554803133011,0.14368368685245514,0.1312425285577774,0.029521381482481956,0.032988861203193665,0.03131047263741493,0.07976555079221725,0.07144363224506378,0.08151304721832275,0.07891440391540527,0.0807429850101471,0.08113482594490051,0.24710389971733093,0.24998192489147186,0.26744508743286133
0.1014445498585701,0.1433929055929184,0.1310168206691742,0.029426690191030502,0.03289568051695824,0.03121473267674446,0.07966911047697067,0.07136406004428864,0.0813121646642685,0.07867319881916046,0.08048340678215027,0.08090350776910782,0.2464098185300827,0.2490878850221634,0.26666897535324097
0.10113784670829773,0.14312702417373657,0.1306919902563095,0.029338376596570015,0.032796625047922134,0.031137414276599884,0.07951372861862183,0.07120593637228012,0.08118104934692383,0.0784267783164978,0.08026135712862015,0.08067543804645538,0.2455563098192215,0.2482333928346634,0.26571017503738403
0.1008123829960823,0.14283336699008942,0.13038477301597595,0.029263261705636978,0.03272422403097153,0.031057942658662796,0.07943008095026016,0.07114434242248535,0.08102115988731384,0.07826568186283112,0.08009334653615952,0.08050969988107681,0.24481895565986633,0.24732425808906555,0.26511019468307495
0.10046817362308502,0.14254291355609894,0.13011249899864197,0.029207058250904083,0.03265707194805145,0.030969511717557907,0.07936161011457443,0.07104575634002686,0.08091327548027039,0.07808531075716019,0.07990288734436035,0.0803246945142746,0.244329571723938,0.24662244319915771,0.2645123302936554
0.10025292634963989,0.14229361712932587,0.12993036210536957,0.029139433056116104,0.032550305128097534,0.030883170664310455,0.07926194369792938,0.0709729716181755,0.08081741631031036,0.07792042195796967,0.07974312454462051,0.08016137033700943,0.24355322122573853,0.24610622227191925,0.26403284072875977
0.10001369565725327,0.1420382708311081,0.12969626486301422,0.029079854488372803,0.032521575689315796,0.030799316242337227,0.07918467372655869,0.07089918106794357,0.08069991320371628,0.0777607262134552,0.07956157624721527,0.07995468378067017,0.24309736490249634,0.24535445868968964,0.26320427656173706
0.09971944987773895,0.14182065427303314,0.12950487434864044,0.029028352349996567,0.032457586377859116,0.03075997531414032,0.07913576811552048,0.07079548388719559,0.08067933470010757,0.07765260338783264,0.07943854480981827,0.07980617880821228,0.24260692298412323,0.24456024169921875,0.26276394724845886
0.09948854148387909,0.14153431355953217,0.12929724156856537,0.028973279520869255,0.03239286690950394,0.030705206096172333,0.07908356189727783,0.07072987407445908,0.08054150640964508,0.0775112509727478,0.07930328696966171,0.07968335598707199,0.24215196073055267,0.24416348338127136,0.2622663378715515
0.09926632046699524,0.14129455387592316,0.12910811603069305,0.028896303847432137,0.032320424914360046,0.030598221346735954,0.0790020003914833,0.07064653933048248,0.08040084689855576,0.07740811258554459,0.07913552224636078,0.07960572093725204,0.24158351123332977,0.24347221851348877,0.2616986930370331
0.09905010461807251,0.14101089537143707,0.12897615134716034,0.028864018619060516,0.032309390604496,0.030575769022107124,0.07895762473344803,0.07057436555624008,0.08033660054206848,0.07729898393154144,0.07899302989244461,0.07947979122400284,0.24120086431503296,0.24294736981391907,0.2610953450202942
0.09885445982217789,0.140885591506958,0.12887713313102722,0.02881605736911297,0.03224292770028114,0.030534356832504272,0.0789293646812439,0.07053427398204803,0.08027603477239609,0.07720571756362915,0.07884170114994049,0.07936437427997589,0.24080735445022583,0.24253705143928528,0.26066815853118896
0.09859786182641983,0.14053216576576233,0.1286236196756363,0.02876552753150463,0.03218473121523857,0.03045579232275486,0.07882533222436905,0.07044129818677902,0.08013667166233063,0.07706958800554276,0.07876906543970108,0.07921044528484344,0.24042287468910217,0.24217398464679718,0.26011064648628235
0.09846425801515579,0.14037086069583893,0.1285819113254547,0.02871537208557129,0.032150376588106155,0.030419230461120605,0.07881604880094528,0.07037720829248428,0.08005539327859879,0.07696528732776642,0.07864667475223541,0.07912572473287582,0.24022804200649261,0.2415907233953476,0.25975972414016724
0.09826299548149109,0.1400919258594513,0.1284143179655075,0.028673384338617325,0.032085537910461426,0.030368788167834282,0.07871464639902115,0.07036050409078598,0.08002033829689026,0.07689890265464783,0.07855062931776047,0.07909049838781357,0.2398279905319214,0.24131833016872406,0.25936925411224365
0.0980103462934494,0.13988003134727478,0.12820006906986237,0.02865499258041382,0.03203459456562996,0.030324861407279968,0.07862784713506699,0.07028308510780334,0.07993699610233307,0.07674489170312881,0.07842928171157837,0.07897329330444336,0.23936069011688232,0.24062572419643402,0.2588750720024109
0.09789703041315079,0.13968761265277863,0.1281585544347763,0.028621308505535126,0.032012514770030975,0.03028818406164646,0.0785677507519722,0.0702114999294281,0.07987559586763382,0.07665916532278061,0.07830210775136948,0.07889126241207123,0.2394019514322281,0.2402433604001999,0.2586178779602051
0.09769847989082336,0.13930857181549072,0.1279202550649643,0.028584040701389313,0.0319710336625576,0.030246058478951454,0.0785360336303711,0.07014788687229156,0.07977902889251709,0.07666825503110886,0.07828281074762344,0.07881559431552887,0.23916743695735931,0.24005430936813354,0.2584640383720398
0.09753730148077011,0.1391066163778305,0.12786805629730225,0.028543146327137947,0.03191663697361946,0.030200276523828506,0.0784507766366005,0.07007775455713272,0.07967949658632278,0.07653588056564331,0.07819730043411255,0.0787603110074997,0.23883405327796936,0.2394951432943344,0.2578183114528656
0.0973285362124443,0.13897213339805603,0.12763971090316772,0.028524016961455345,0.03185851126909256,0.03016512654721737,0.0784011036157608,0.07001544535160065,0.07960543781518936,0.07639919966459274,0.07810191065073013,0.07863413542509079,0.23859243094921112,0.23899811506271362,0.257708877325058
0.09718488901853561,0.1386873424053192,0.12748567759990692,0.028473705053329468,0.03185408189892769,0.030131135135889053,0.0783177986741066,0.06996054202318192,0.07954861223697662,0.07634232193231583,0.07799305021762848,0.07854795455932617,0.2382829338312149,0.23880600929260254,0.2575019896030426
0.09696885943412781,0.13844357430934906,0.12736693024635315,0.028440898284316063,0.03181474655866623,0.03010527975857258,0.0782490223646164,0.06992100924253464,0.07946161925792694,0.07632407546043396,0.07795886695384979,0.07848401367664337,0.23802541196346283,0.23867903649806976,0.2570878267288208
0.09685049951076508,0.13830217719078064,0.12721896171569824,0.02840992622077465,0.03175261616706848,0.030046474188566208,0.07819148898124695,0.06988467276096344,0.07940155267715454,0.07616841048002243,0.07786928117275238,0.07839372754096985,0.23776760697364807,0.238145112991333,0.2565326690673828
0.09675668179988861,0.1381034553050995,0.12725315988063812,0.028399687260389328,0.031724102795124054,0.03002898208796978,0.07814813405275345,0.06982773542404175,0.07933969795703888,0.07615114748477936,0.07779192179441452,0.07833951711654663,0.23752543330192566,0.2379140853881836,0.25605151057243347
0.09658737480640411,0.13775983452796936,0.12708868086338043,0.028351210057735443,0.0316733717918396,0.029995553195476532,0.07808975875377655,0.06979202479124069,0.07929486036300659,0.07605612277984619,0.0777149349451065,0.07820844650268555,0.2367883175611496,0.23749560117721558,0.25571802258491516
0.09634991735219955,0.13757596909999847,0.12691421806812286,0.028333034366369247,0.031645260751247406,0.029971931129693985,0.07800889015197754,0.06965406984090805,0.07917073369026184,0.075972780585289,0.07755732536315918,0.078154057264328,0.23678377270698547,0.2370036542415619,0.2551805377006531
0.09628403931856155,0.1373731642961502,0.12691931426525116,0.028307650238275528,0.03162761032581329,0.029957592487335205,0.07798939943313599,0.06966768950223923,0.07913697510957718,0.07600079476833344,0.07761799544095993,0.07820061594247818,0.23680856823921204,0.23736131191253662,0.2553222179412842
0.0961190015077591,0.13720925152301788,0.12671326100826263,0.02828138880431652,0.03157749027013779,0.02991984225809574,0.07797390967607498,0.06960577517747879,0.07910432666540146,0.07594719529151917,0.07753448933362961,0.07813473045825958,0.23673121631145477,0.23672300577163696,0.2548326253890991
0.09595775604248047,0.1369648426771164,0.12658239901065826,0.028250182047486305,0.03154679387807846,0.029890865087509155,0.07791291922330856,0.0695408433675766,0.07901684939861298,0.07583755999803543,0.07736632972955704,0.07801513373851776,0.23606455326080322,0.23605786263942719,0.2544815242290497
0.09577619284391403,0.13670645654201508,0.1264336258172989,0.028251077979803085,0.03151785582304001,0.029883356764912605,0.07788599282503128,0.0695619136095047,0.07896845787763596,0.07577818632125854,0.07737895101308823,0.07799297571182251,0.23587451875209808,0.2361401468515396,0.254141628742218
0.09570419788360596,0.1365375816822052,0.12632639706134796,0.02822038345038891,0.03148827329277992,0.02984781749546528,0.07787584513425827,0.06945373117923737,0.07892424613237381,0.07576930522918701,0.07736038416624069,0.077950119972229,0.2356250137090683,0.23587162792682648,0.25420260429382324
0.09553087502717972,0.13639011979103088,0.1262284219264984,0.028200197964906693,0.031473033130168915,0.029862087219953537,0.07782963663339615,0.06942542642354965,0.07885179668664932,0.07573236525058746,0.07729332894086838,0.07793422043323517,0.23545894026756287,0.23542176187038422,0.25390347838401794
0.09552856534719467,0.1362607181072235,0.12631197273731232,0.028172222897410393,0.031452588737010956,0.02983408235013485,0.07778316736221313,0.06939457356929779,0.07885213941335678,0.07566694915294647,0.07727311551570892,0.07789479196071625,0.23528707027435303,0.23543260991573334,0.25404220819473267
0.09533878415822983,0.13602952659130096,0.1260291188955307,0.028179269284009933,0.03143271431326866,0.029809406027197838,0.07774651795625687,0.06935420632362366,0.07876612991094589,0.07565605640411377,0.07720055431127548,0.07787030190229416,0.2349618673324585,0.23513485491275787,0.25349196791648865
0.09520219266414642,0.13584454357624054,0.1259862631559372,0.028131671249866486,0.03138628229498863,0.029772112146019936,0.07763806730508804,0.06924702227115631,0.07873880863189697,0.07557278871536255,0.07712224125862122,0.07775101065635681,0.23485232889652252,0.23466020822525024,0.25274035334587097
0.09510566294193268,0.13566315174102783,0.12598742544651031,0.02810499630868435,0.03137688338756561,0.02975964918732643,0.07766544818878174,0.06924936920404434,0.07873805612325668,0.07554609328508377,0.07699727267026901,0.07771420478820801,0.2346353381872177,0.234513059258461,0.25325170159339905
0.09495605528354645,0.13547897338867188,0.12583757936954498,0.02810843475162983,0.031375933438539505,0.029767056927084923,0.07760634273290634,0.06920548528432846,0.07875014841556549,0.07547444105148315,0.07705391198396683,0.0777498409152031,0.23423239588737488,0.23452895879745483,0.25300392508506775
0.09483881294727325,0.13522015511989594,0.12579455971717834,0.02808183804154396,0.03133547678589821,0.02972886711359024,0.07755417376756668,0.06916750222444534,0.07866506278514862,0.07541175186634064,0.07697197794914246,0.07762821018695831,0.23395831882953644,0.2343745082616806,0.2526121139526367
0.09471598267555237,0.13507086038589478,0.12571841478347778,0.028068462386727333,0.03132447600364685,0.029728248715400696,0.07751244306564331,0.06916146725416183,0.07858844846487045,0.0753910169005394,0.07692557573318481,0.07760481536388397,0.23388703167438507,0.23382574319839478,0.2524663209915161
0.09456673264503479,0.1348324716091156,0.1256677806377411,0.0280316099524498,0.03126868978142738,0.02968543954193592,0.07745994627475739,0.06910281628370285,0.07854688167572021,0.07536390423774719,0.07675515115261078,0.07748228311538696,0.23334744572639465,0.23346436023712158,0.25191593170166016
0.09436958283185959,0.13476158678531647,0.12558136880397797,0.027987899258732796,0.031284231692552567,0.029687678441405296,0.07743234932422638,0.0690375491976738,0.078524649143219,0.07525920867919922,0.0767088457942009,0.0774494931101799,0.23298455774784088,0.233108252286911,0.2514713406562805
0.09423825144767761,0.1345517635345459,0.1255282312631607,0.02799098566174507,0.03127799183130264,0.029686639085412025,0.07741943001747131,0.06899679452180862,0.07850100100040436,0.0753159448504448,0.0767541155219078,0.07748287916183472,0.2333134114742279,0.23312495648860931,0.25151264667510986
0.09423674643039703,0.13432100415229797,0.1254417449235916,0.02797544188797474,0.031230656430125237,0.029662057757377625,0.07734888046979904,0.06898831576108932,0.0784420371055603,0.07522090524435043,0.07662256807088852,0.07739274203777313,0.2327771633863449,0.23260430991649628,0.2513645589351654
0.09407103806734085,0.1341785490512848,0.12532904744148254,0.027929794043302536,0.03124931827187538,0.029659898951649666,0.0772889256477356,0.0689311996102333,0.07843060046434402,0.07516028732061386,0.07658327370882034,0.07731465250253677,0.23246312141418457,0.23238462209701538,0.2508312463760376
0.09408261626958847,0.1340341717004776,0.12511266767978668,0.027926672250032425,0.031196268275380135,0.029627598822116852,0.07725982367992401,0.06890445202589035,0.07840032875537872,0.07515961676836014,0.07658207416534424,0.07729654759168625,0.23217175900936127,0.23268195986747742,0.2512029707431793
0.09388093650341034,0.13385345041751862,0.12512631714344025,0.027903391048312187,0.031199274584650993,0.029640067368745804,0.077246755361557,0.06882718950510025,0.07837751507759094,0.07510638982057571,0.07653344422578812,0.0772566869854927,0.23209494352340698,0.2317858636379242,0.2505306303501129
0.09367635846138,0.1336708515882492,0.12511193752288818,0.02789950743317604,0.031166572123765945,0.029624342918395996,0.07719454169273376,0.06881318986415863,0.07834628969430923,0.07507763057947159,0.07650511711835861,0.07727912813425064,0.2316536009311676,0.23197747766971588,0.2504596710205078
0.09360197931528091,0.13353095948696136,0.12503738701343536,0.02786233462393284,0.031159929931163788,0.02961786463856697,0.07713373005390167,0.0687820091843605,0.07831810414791107,0.07504228502511978,0.07640869170427322,0.07717686891555786,0.23148326575756073,0.23142054677009583,0.2502336800098419
0.09347847104072571,0.13343927264213562,0.12490726262331009,0.027879584580659866,0.03113769367337227,0.029592666774988174,0.07715081423521042,0.06879144161939621,0.07830102741718292,0.07500312477350235,0.07640118151903152,0.07714768499135971,0.23133915662765503,0.23160813748836517,0.24984820187091827
0.09333841502666473,0.1332019716501236,0.1249026507139206,0.0278251301497221,0.03110249899327755,0.029578600078821182,0.077027827501297,0.0687023475766182,0.07816936075687408,0.07492951303720474,0.07634374499320984,0.07706926017999649,0.23081910610198975,0.23083853721618652,0.24977780878543854
0.0933493822813034,0.13319945335388184,0.12479980289936066,0.027817968279123306,0.03111824207007885,0.02957700379192829,0.07703676074743271,0.06869141757488251,0.07823801785707474,0.07494591921567917,0.07638254016637802,0.07715559005737305,0.23097099363803864,0.23106426000595093,0.2497585564851761
0.09317977726459503,0.13287793099880219,0.1246783658862114,0.02778351493179798,0.031074529513716698,0.02956138364970684,0.07701324671506882,0.06856056302785873,0.07813894003629684,0.07485036551952362,0.07618175446987152,0.07704150676727295,0.23040346801280975,0.23007141053676605,0.24892349541187286
0.09311330318450928,0.13295544683933258,0.12477470934391022,0.027778778225183487,0.031059080734848976,0.029543720185756683,0.07697722315788269,0.0685778334736824,0.07812081277370453,0.07483414560556412,0.07616916298866272,0.07706695050001144,0.23064126074314117,0.23011662065982819,0.2489004284143448
0.09306421130895615,0.13279865682125092,0.12475147843360901,0.02778742089867592,0.03103196620941162,0.029546236619353294,0.07687602192163467,0.0685502290725708,0.07816161960363388,0.07481741905212402,0.07619227468967438,0.07698169350624084,0.2305401712656021,0.23016414046287537,0.24884262681007385
0.09280086308717728,0.13253413140773773,0.12452665716409683,0.027745699509978294,0.031015414744615555,0.029519954696297646,0.07684557884931564,0.06856585294008255,0.0780516117811203,0.07466719299554825,0.07611142098903656,0.07689791172742844,0.22980459034442902,0.22945445775985718,0.2481146603822708
0.09284308552742004,0.13249465823173523,0.12448639422655106,0.027732238173484802,0.031025288626551628,0.02953345887362957,0.07683819532394409,0.06852728873491287,0.07805752754211426,0.07472112774848938,0.07609380781650543,0.07692136615514755,0.22968919575214386,0.2297183722257614,0.24816875159740448
0.09265988320112228,0.13239167630672455,0.12440240383148193,0.027714602649211884,0.03098108433187008,0.02947651781141758,0.07680253684520721,0.06850336492061615,0.07800067216157913,0.07464107125997543,0.07598429918289185,0.07677436619997025,0.22927775979042053,0.22911116480827332,0.24749256670475006
0.09248699992895126,0.13231788575649261,0.12428229302167892,0.027731260284781456,0.030944988131523132,0.029507433995604515,0.07677476108074188,0.0683932900428772,0.07795854657888412,0.07466137409210205,0.07601020485162735,0.07679939270019531,0.2294541895389557,0.22854340076446533,0.24737548828125
0.09249663352966309,0.13219696283340454,0.12433487176895142,0.027727218344807625,0.030944297090172768,0.02949368767440319,0.07678135484457016,0.06845752894878387,0.07802236080169678,0.07457950711250305,0.0759219154715538,0.07680452615022659,0.22893235087394714,0.22906361520290375,0.24724820256233215
0.09229887276887894,0.13203109800815582,0.12415985763072968,0.027700848877429962,0.030927643179893494,0.029488811269402504,0.0767403170466423,0.06840196251869202,0.0779486745595932,0.07455002516508102,0.07588637620210648,0.0767180547118187,0.22888971865177155,0.2282867133617401,0.24715706706047058
0.09231304377317429,0.13211949169635773,0.1241798847913742,0.027691856026649475,0.030912209302186966,0.029485205188393593,0.07676394283771515,0.06840620934963226,0.07797063142061234,0.07451464980840683,0.07583348453044891,0.07668977975845337,0.22864647209644318,0.2284793108701706,0.24688413739204407
0.09211686253547668,0.1320040225982666,0.12411659210920334,0.027677401900291443,0.030908914282917976,0.02947964519262314,0.07672899216413498,0.06838012486696243,0.07794974744319916,0.07451183348894119,0.07578574866056442,0.07661421597003937,0.22846077382564545,0.22830480337142944,0.2466048300266266
0.0920705795288086,0.1317548304796219,0.12406115978956223,0.027709173038601875,0.030912451446056366,0.02948971465229988,0.07662168890237808,0.06837102025747299,0.07787631452083588,0.07450934499502182,0.07586164027452469,0.0767214372754097,0.22839270532131195,0.228035107254982,0.2462906837463379
0.09201806783676147,0.1316377967596054,0.12396129965782166,0.027699187397956848,0.030874889343976974,0.02948945201933384,0.07661785930395126,0.0683484897017479,0.07794596999883652,0.07443878054618835,0.07578188180923462,0.07656627893447876,0.22830283641815186,0.2273547649383545,0.24621807038784027
0.0918101891875267,0.1314225196838379,0.12383962422609329,0.027653316035866737,0.03086017072200775,0.029432885348796844,0.07656656950712204,0.06831787526607513,0.07787264138460159,0.07434678822755814,0.07572398334741592,0.0765322670340538,0.2277015596628189,0.22729802131652832,0.2458944469690323
0.09190143644809723,0.13147090375423431,0.123878613114357,0.02765803411602974,0.030874425545334816,0.029482001438736916,0.07659312337636948,0.06837476044893265,0.07791735976934433,0.07441354542970657,0.07576218992471695,0.07665039598941803,0.22774118185043335,0.2274654656648636,0.24629312753677368
0.09171605110168457,0.13147921860218048,0.12392440438270569,0.027622157707810402,0.03085813671350479,0.02943244017660618,0.07657845318317413,0.06832605600357056,0.0778580829501152,0.07436977326869965,0.07571275532245636,0.07659553736448288,0.22774606943130493,0.22732196748256683,0.24565458297729492
0.0916282907128334,0.13142749667167664,0.12373340129852295,0.02763659507036209,0.030830873176455498,0.02944742701947689,0.07655736058950424,0.06827306747436523,0.07781055569648743,0.07436825335025787,0.07561936974525452,0.07649914920330048,0.22739258408546448,0.22709937393665314,0.24590648710727692
0.09161722660064697,0.1313384622335434,0.12362026423215866,0.02761896327137947,0.0308441873639822,0.029429636895656586,0.07655034959316254,0.06829676777124405,0.07783673703670502,0.07428725808858871,0.075655996799469,0.07652813196182251,0.2268238663673401,0.22696338593959808,0.24569624662399292
0.0914323478937149,0.13122759759426117,0.12358345836400986,0.027585145086050034,0.030835263431072235,0.02941981889307499,0.07652727514505386,0.06824498623609543,0.07777394354343414,0.07420966029167175,0.0755070224404335,0.07646617293357849,0.22643841803073883,0.22619900107383728,0.24462071061134338
0.09146550297737122,0.13122667372226715,0.12359540909528732,0.02760734036564827,0.030805377289652824,0.029440540820360184,0.07651209086179733,0.06818435341119766,0.07775966078042984,0.07425310462713242,0.07558360695838928,0.07652567327022552,0.22657069563865662,0.22604329884052277,0.24497686326503754
0.09120231121778488,0.13096553087234497,0.12355414777994156,0.027578439563512802,0.03076840005815029,0.02939743548631668,0.07636763155460358,0.06820249557495117,0.07771449536085129,0.07420453429222107,0.07555816322565079,0.0763804167509079,0.22598259150981903,0.2257380336523056,0.2443673461675644
0.09145121276378632,0.13098612427711487,0.12359540909528732,0.027626926079392433,0.03080565296113491,0.02945644035935402,0.07645214349031448,0.06816167384386063,0.07779283076524734,0.07420803606510162,0.07547906041145325,0.07641536742448807,0.22596579790115356,0.2260797768831253,0.2445911467075348
0.0911027193069458,0.13089480996131897,0.12341206520795822,0.027582593262195587,0.0307481549680233,0.029419681057333946,0.07638883590698242,0.06820176541805267,0.07775077223777771,0.07416567206382751,0.0754244476556778,0.07637488096952438,0.2251429408788681,0.22580276429653168,0.24374356865882874
0.09117934852838516,0.13081087172031403,0.12341435253620148,0.02755999006330967,0.030741635710000992,0.029429415240883827,0.0764092281460762,0.06817660480737686,0.07765191793441772,0.07411646842956543,0.07545165717601776,0.07641629129648209,0.22580274939537048,0.2258175015449524,0.24386340379714966
0.09096292406320572,0.1307830661535263,0.1232563927769661,0.027534764260053635,0.030733460560441017,0.029412727802991867,0.0763278678059578,0.06809810549020767,0.07767539471387863,0.07406292110681534,0.07532896101474762,0.07628129422664642,0.22511497139930725,0.22532084584236145,0.24349482357501984
0.09096191078424454,0.13065288960933685,0.12327814102172852,0.027514029294252396,0.03071349859237671,0.02939065918326378,0.07624501734972,0.06804853677749634,0.07769110053777695,0.07402176409959793,0.07524417340755463,0.07624401897192001,0.22476239502429962,0.2248738706111908,0.24298939108848572
0.09089922904968262,0.13057368993759155,0.1230710968375206,0.027554485946893692,0.030710401013493538,0.029378654435276985,0.07630430161952972,0.0680575743317604,0.0776401087641716,0.07400400936603546,0.07525771111249924,0.07622795552015305,0.22441551089286804,0.22496333718299866,0.24286839365959167
0.09092672169208527,0.13068820536136627,0.12329597771167755,0.027523549273610115,0.030754178762435913,0.02940147928893566,0.07631400972604752,0.06807808578014374,0.07767236977815628,0.07401338964700699,0.07533437013626099,0.0763019248843193,0.22520871460437775,0.22525005042552948,0.24357283115386963
0.09086824208498001,0.13059568405151367,0.12333220988512039,0.027510233223438263,0.030697964131832123,0.0293847918510437,0.07633592933416367,0.06809832900762558,0.07761520892381668,0.07399958372116089,0.07518966495990753,0.07618991285562515,0.2245621532201767,0.22449132800102234,0.24282722175121307
0.0908435732126236,0.13042208552360535,0.1231956034898758,0.027514826506376266,0.03070376254618168,0.02938135340809822,0.07626160979270935,0.06802169233560562,0.07763223350048065,0.07393939048051834,0.07518571615219116,0.07620732486248016,0.22474421560764313,0.22444772720336914,0.24259409308433533
0.09057823568582535,0.1303933560848236,0.12303369492292404,0.027502097189426422,0.03069864958524704,0.02938409149646759,0.07626701891422272,0.06800498813390732,0.0775003433227539,0.07381566613912582,0.07502683252096176,0.07613826543092728,0.2236292064189911,0.22401222586631775,0.24207065999507904
0.09050431847572327,0.13015688955783844,0.12283440679311752,0.027493910863995552,0.030660921707749367,0.029357751831412315,0.07616692036390305,0.06796231120824814,0.07743173092603683,0.0737614780664444,0.07507040351629257,0.0760929211974144,0.22324822843074799,0.22378873825073242,0.24144530296325684
0.09044325351715088,0.130165696144104,0.1227404773235321,0.027486201375722885,0.030647842213511467,0.02935413084924221,0.07615119218826294,0.06789405643939972,0.07750186324119568,0.07372820377349854,0.07501142472028732,0.07608793675899506,0.22312183678150177,0.22345533967018127,0.24127435684204102
0.09025932103395462,0.13012667000293732,0.122791588306427,0.0274344589561224,0.030633362010121346,0.029342984780669212,0.07613711059093475,0.0679236352443695,0.07745979726314545,0.07374236732721329,0.07497353106737137,0.07604214549064636,0.22266480326652527,0.22322174906730652,0.24129462242126465
0.09033097326755524,0.12994416058063507,0.12273423373699188,0.027459172531962395,0.030672244727611542,0.02935507334768772,0.07609660923480988,0.06789699196815491,0.0775102749466896,0.07376331090927124,0.0750308558344841,0.0760851576924324,0.22258293628692627,0.22291816771030426,0.24065956473350525
0.09025450050830841,0.12996603548526764,0.12278479337692261,0.027471860870718956,0.030586225911974907,0.029343003407120705,0.07614187896251678,0.06791698187589645,0.07743101567029953,0.07366380095481873,0.07488293945789337,0.0759858712553978,0.22253884375095367,0.22271044552326202,0.24076908826828003
0.09013588726520538,0.1300417184829712,0.12267033755779266,0.027482541278004646,0.0306523647159338,0.029372723773121834,0.07598976790904999,0.06785182654857635,0.07737891376018524,0.07375209778547287,0.07500182092189789,0.07599447667598724,0.22241607308387756,0.22270604968070984,0.2407977133989334
0.08990468829870224,0.1298590898513794,0.12244018167257309,0.02745981141924858,0.030581101775169373,0.02930459938943386,0.07601947337388992,0.06778659671545029,0.07735420763492584,0.0735517218708992,0.0748596265912056,0.07592493295669556,0.221708282828331,0.22234772145748138,0.23933398723602295
0.08986981958150864,0.1296980232000351,0.12243009358644485,0.027391580864787102,0.030598493292927742,0.02930380031466484,0.07591854780912399,0.06780846416950226,0.07733027637004852,0.07357925921678543,0.07483448088169098,0.07597147673368454,0.22137679159641266,0.22185051441192627,0.23998084664344788
0.09000856429338455,0.12981124222278595,0.12251952290534973,0.027422478422522545,0.030595095828175545,0.029323909431695938,0.07596461474895477,0.06786197423934937,0.07734854519367218,0.07350075244903564,0.07480647414922714,0.07601769268512726,0.2216353863477707,0.22169141471385956,0.239913210272789
0.08981926739215851,0.1296086609363556,0.12244225293397903,0.027449550107121468,0.030604930594563484,0.029337529093027115,0.07593982666730881,0.06782503426074982,0.07735206931829453,0.07355950027704239,0.07484795153141022,0.0760463997721672,0.22180913388729095,0.22243772447109222,0.23968136310577393
0.08955619484186172,0.12957242131233215,0.12241226434707642,0.027420753613114357,0.030605804175138474,0.02933196723461151,0.07587050646543503,0.06782262772321701,0.07724934816360474,0.07352817803621292,0.07476125657558441,0.07595628499984741,0.22139835357666016,0.22160933911800385,0.23932482302188873
0.08957932889461517,0.12960359454154968,0.12239105999469757,0.02741422690451145,0.030551817268133163,0.029308144003152847,0.07588126510381699,0.06771404296159744,0.07720908522605896,0.07352298498153687,0.07473010569810867,0.07590627670288086,0.2212526798248291,0.22139662504196167,0.2391452044248581
0.08965704590082169,0.12950316071510315,0.12231914699077606,0.027410447597503662,0.03059450164437294,0.029328767210245132,0.0759386494755745,0.0677356868982315,0.07725514471530914,0.07348079234361649,0.07469148933887482,0.07599032670259476,0.22105354070663452,0.2213023602962494,0.2397381067276001
0.08956800401210785,0.129489928483963,0.12211073189973831,0.027412762865424156,0.030564595013856888,0.029337964951992035,0.07588590681552887,0.06770169734954834,0.07720711082220078,0.07342495024204254,0.0747520700097084,0.07592695206403732,0.22094237804412842,0.22103610634803772,0.23894014954566956
0.08951153606176376,0.12938013672828674,0.12204310297966003,0.027414973825216293,0.030565666034817696,0.02934226393699646,0.07583494484424591,0.0677223652601242,0.07723820209503174,0.07341194897890091,0.07462740689516068,0.07582768052816391,0.2205989807844162,0.2210841178894043,0.23852364718914032
0.08935607969760895,0.1294790804386139,0.12217207252979279,0.02735256589949131,0.03057735785841942,0.029300810769200325,0.07592298835515976,0.06770317256450653,0.07727642357349396,0.0734085813164711,0.07469597458839417,0.07584644109010696,0.22094285488128662,0.22113563120365143,0.23914337158203125
0.08924151211977005,0.12932036817073822,0.12192617356777191,0.027383195236325264,0.030559759587049484,0.029302150011062622,0.07578183710575104,0.06765224784612656,0.07725439220666885,0.07325025647878647,0.07456246763467789,0.07584917545318604,0.22033049166202545,0.22092585265636444,0.2387244701385498
0.0891275629401207,0.12932655215263367,0.12185268849134445,0.027334369719028473,0.030478917062282562,0.029266882687807083,0.07570957392454147,0.06760866194963455,0.07717250287532806,0.07322408258914948,0.07440198212862015,0.07569877058267593,0.21912284195423126,0.2199612557888031,0.23775839805603027
0.08913464099168777,0.12924633920192719,0.12176394462585449,0.027327805757522583,0.030525797978043556,0.029311921447515488,0.07570568472146988,0.06763794273138046,0.07712582498788834,0.07319248467683792,0.07444711029529572,0.07571391761302948,0.21946711838245392,0.21949967741966248,0.23716607689857483
0.08893945813179016,0.12917976081371307,0.1217401921749115,0.027300216257572174,0.030438899993896484,0.029273150488734245,0.07568393647670746,0.06757037341594696,0.07707469910383224,0.07318457216024399,0.07429417967796326,0.075717493891716,0.21878480911254883,0.21895217895507812,0.23708003759384155
0.08883456140756607,0.12905244529247284,0.12165490537881851,0.027305206283926964,0.030469557270407677,0.029291996732354164,0.07571636140346527,0.06762813776731491,0.07724253088235855,0.07323339581489563,0.07442271709442139,0.07572005689144135,0.21923841536045074,0.2194417119026184,0.23727384209632874
0.08888385444879532,0.1291561722755432,0.12178029865026474,0.027306407690048218,0.03052222914993763,0.02928205393254757,0.07568787038326263,0.06758977472782135,0.07714708894491196,0.07305484265089035,0.07450687885284424,0.07575950771570206,0.2186111956834793,0.21926571428775787,0.2369757741689682
0.08877716958522797,0.1290740966796875,0.1216888502240181,0.0272817499935627,0.030454890802502632,0.029244931414723396,0.07557331770658493,0.06764896214008331,0.07704044133424759,0.07299420237541199,0.07432811707258224,0.07561895996332169,0.21854765713214874,0.21887758374214172,0.23678414523601532
0.08875346183776855,0.12888115644454956,0.12153253704309464,0.027242673560976982,0.030440255999565125,0.02923380583524704,0.07554420828819275,0.06753924489021301,0.07700615376234055,0.07295883446931839,0.07436209917068481,0.07551649957895279,0.21784202754497528,0.21841110289096832,0.23590494692325592
0.08870740234851837,0.12897826731204987,0.12159927934408188,0.0272770207375288,0.03044769912958145,0.029282059520483017,0.075599804520607,0.06744196265935898,0.07695169001817703,0.07296156883239746,0.07418336719274521,0.07555265724658966,0.21775470674037933,0.21761028468608856,0.23589052259922028
0.08851975947618484,0.1290157288312912,0.12157420068979263,0.027267586439847946,0.03046620823442936,0.029280664399266243,0.07548855245113373,0.06751712411642075,0.07697730511426926,0.07282501459121704,0.07428092509508133,0.07555662095546722,0.217754527926445,0.2183646261692047,0.23571425676345825
0.08865121006965637,0.12902139127254486,0.12158358842134476,0.027248604223132133,0.030459702014923096,0.029272256419062614,0.07554207742214203,0.06751002371311188,0.07710286229848862,0.07284419238567352,0.07431849837303162,0.07564570009708405,0.21750958263874054,0.2184036821126938,0.23583254218101501
0.08874176442623138,0.12878639996051788,0.1215183362364769,0.02726716175675392,0.030439075082540512,0.02924179658293724,0.07555373013019562,0.067574642598629,0.0770048052072525,0.07290169596672058,0.07426431775093079,0.07557329535484314,0.21711209416389465,0.2179524004459381,0.23549188673496246
0.08835010975599289,0.12883342802524567,0.12143268436193466,0.027201326563954353,0.030427681282162666,0.029226941987872124,0.07538275420665741,0.06741034984588623,0.0769226998090744,0.07268302142620087,0.0742177739739418,0.07551150023937225,0.2163526564836502,0.21728791296482086,0.23505087196826935
0.08827754855155945,0.1286439597606659,0.12135893106460571,0.02723669819533825,0.030437054112553596,0.02924812026321888,0.07551480829715729,0.06742538511753082,0.07690991461277008,0.07273075729608536,0.07414837181568146,0.07546600699424744,0.21663232147693634,0.21684710681438446,0.23482492566108704
0.08820146322250366,0.12876443564891815,0.12140052765607834,0.027218172326683998,0.030444201081991196,0.029289405792951584,0.07538837939500809,0.0673813670873642,0.07686524093151093,0.07267246395349503,0.0741623044013977,0.07541986554861069,0.21682949364185333,0.21685655415058136,0.23527222871780396
0.08828388154506683,0.12865793704986572,0.12122189998626709,0.02729158103466034,0.030435148626565933,0.029265791177749634,0.07552792131900787,0.067428819835186,0.07693754881620407,0.07272060960531235,0.07412946224212646,0.07557320594787598,0.21754425764083862,0.21710439026355743,0.23557761311531067
0.0881536677479744,0.12868183851242065,0.12126564979553223,0.027232445776462555,0.030430475249886513,0.02926427684724331,0.07551342248916626,0.06752819567918777,0.07698351889848709,0.07281629741191864,0.07418999820947647,0.07551396638154984,0.21623176336288452,0.21768996119499207,0.23566043376922607
0.08807376027107239,0.12863090634346008,0.12125629931688309,0.0271774809807539,0.03036719374358654,0.02922900579869747,0.07531076669692993,0.06737083941698074,0.07685771584510803,0.0725846216082573,0.073953777551651,0.07539200782775879,0.21561603248119354,0.21604551374912262,0.2348005324602127
0.08802739530801773,0.12851101160049438,0.12118193507194519,0.027158847078680992,0.030376818031072617,0.029222838580608368,0.07537901401519775,0.06738614290952682,0.07688868045806885,0.07250429689884186,0.07404781877994537,0.07530876994132996,0.21492710709571838,0.2159978449344635,0.23410364985466003
0.08779683709144592,0.12840428948402405,0.12105190753936768,0.027177844196558,0.0303170308470726,0.029248708859086037,0.07534245401620865,0.06739465892314911,0.0768498033285141,0.07253062725067139,0.07388851046562195,0.07534429430961609,0.2146177440881729,0.21551857888698578,0.23354214429855347
0.08779080212116241,0.12857161462306976,0.1212581917643547,0.027192071080207825,0.030335308983922005,0.029254507273435593,0.07527189701795578,0.06732100248336792,0.0767955332994461,0.07244376838207245,0.0739637166261673,0.07522820681333542,0.2150656133890152,0.21521805226802826,0.2339518815279007
0.08798980712890625,0.12849928438663483,0.12130958586931229,0.027224240824580193,0.03035871870815754,0.029282180592417717,0.0753069594502449,0.06740738451480865,0.07682264596223831,0.0725407525897026,0.07403775304555893,0.07527600973844528,0.21495550870895386,0.21596363186836243,0.23451310396194458
0.08776498585939407,0.12851010262966156,0.12110961973667145,0.02719096653163433,0.03036762773990631,0.02926832251250744,0.07522299885749817,0.06735505908727646,0.07686611264944077,0.07249516248703003,0.07388895004987717,0.0752677395939827,0.2146092802286148,0.21523362398147583,0.2335490882396698
0.08764854818582535,0.12828129529953003,0.12101157754659653,0.02715449035167694,0.03033970482647419,0.02921418659389019,0.07518760859966278,0.0672992393374443,0.07671547681093216,0.07222495228052139,0.07376640290021896,0.0751531794667244,0.21339529752731323,0.21427389979362488,0.23286283016204834
0.08761751651763916,0.12836489081382751,0.1212247908115387,0.027164233848452568,0.030329445376992226,0.029231306165456772,0.07515675574541092,0.06728509068489075,0.07679019123315811,0.07240141928195953,0.07380694150924683,0.07522110641002655,0.21352438628673553,0.21423980593681335,0.2333611249923706
0.0876457616686821,0.12851908802986145,0.1210891455411911,0.02716091088950634,0.030321940779685974,0.02920697070658207,0.07521824538707733,0.06731175631284714,0.07678158581256866,0.07233107835054398,0.07380615919828415,0.07517295330762863,0.21353444457054138,0.2144744098186493,0.23320133984088898
0.08745668083429337,0.12847982347011566,0.12113233655691147,0.02720540575683117,0.030348865315318108,0.029224535450339317,0.07512073218822479,0.06730377674102783,0.0767466351389885,0.07228373736143112,0.07373678684234619,0.07529017329216003,0.21328610181808472,0.21476753056049347,0.23259961605072021
0.08749382197856903,0.12857361137866974,0.12105671316385269,0.027208169922232628,0.03032059781253338,0.02926255390048027,0.07515831291675568,0.06726505607366562,0.07676486670970917,0.07226409763097763,0.07376215606927872,0.0752393826842308,0.21328294277191162,0.21414417028427124,0.23245008289813995
0.08742647618055344,0.12836113572120667,0.12088482826948166,0.02718050219118595,0.0303074698895216,0.029217319563031197,0.07513236999511719,0.06725464761257172,0.07669071853160858,0.0723019391298294,0.07369612902402878,0.07520967721939087,0.21247486770153046,0.21386492252349854,0.23239253461360931
0.08748262375593185,0.1282881200313568,0.12083912640810013,0.02718750573694706,0.030282875522971153,0.029230987653136253,0.07509525120258331,0.06724071502685547,0.07666997611522675,0.07219815999269485,0.07361699640750885,0.07519499212503433,0.21211004257202148,0.2136312574148178,0.2326672077178955
0.08733952045440674,0.12828616797924042,0.12087710946798325,0.02716391161084175,0.030268587172031403,0.029248081147670746,0.07508591562509537,0.06725531816482544,0.07678458094596863,0.0721300020813942,0.07368176430463791,0.07517677545547485,0.21174226701259613,0.21337024867534637,0.2316560298204422
0.08719613403081894,0.128143310546875,0.12079300731420517,0.027166441082954407,0.03026987798511982,0.029215583577752113,0.07502777129411697,0.06720276921987534,0.07665038108825684,0.07206730544567108,0.07355258613824844,0.07515139132738113,0.21131572127342224,0.21278664469718933,0.2316802591085434
0.08714406192302704,0.12811636924743652,0.12092841416597366,0.027155358344316483,0.03023683652281761,0.029171956703066826,0.0749838650226593,0.06717286258935928,0.07661531865596771,0.07201960682868958,0.07358187437057495,0.07506539672613144,0.21108633279800415,0.2122631072998047,0.23103046417236328
0.08727214485406876,0.12823040783405304,0.12089047580957413,0.02716652862727642,0.030292507261037827,0.029193172231316566,0.0750337764620781,0.06728100031614304,0.07662203907966614,0.07204672694206238,0.07360387593507767,0.07510396093130112,0.21071961522102356,0.21271950006484985,0.23148109018802643
0.08724648505449295,0.12820619344711304,0.12076015770435333,0.02712205983698368,0.030258337035775185,0.029205121099948883,0.07505838572978973,0.06722135841846466,0.07670822739601135,0.07202252745628357,0.07349883764982224,0.07514069974422455,0.21112842857837677,0.2120252251625061,0.23134170472621918
0.0868402048945427,0.1279142051935196,0.12070149183273315,0.02712215669453144,0.030261563137173653,0.029201064258813858,0.07501281052827835,0.06714227050542831,0.07662513107061386,0.07195641845464706,0.073407843708992,0.07511031627655029,0.20997391641139984,0.21182022988796234,0.2311960905790329
0.08721054345369339,0.12816980481147766,0.1208958625793457,0.027217373251914978,0.030256908386945724,0.029224911704659462,0.07510257512331009,0.06721348315477371,0.07660593092441559,0.0719650536775589,0.07363339513540268,0.07514259219169617,0.2108692079782486,0.212702676653862,0.23122549057006836
0.0870884507894516,0.12826624512672424,0.12065401673316956,0.027168480679392815,0.030329808592796326,0.02924995683133602,0.07502666115760803,0.0671178326010704,0.07669071108102798,0.07199093699455261,0.0735861212015152,0.07529635727405548,0.21019507944583893,0.21234138309955597,0.23180747032165527
0.08703169226646423,0.12817001342773438,0.12071211636066437,0.027144810184836388,0.03029145486652851,0.0292035024613142,0.07493828982114792,0.06719387322664261,0.07652487605810165,0.07188714295625687,0.0734257698059082,0.07503459602594376,0.20934173464775085,0.2116473913192749,0.23053833842277527
0.08695726096630096,0.12816664576530457,0.12085549533367157,0.027171488851308823,0.03027484565973282,0.029231173917651176,0.07497932761907578,0.06710724532604218,0.07658994942903519,0.07178359478712082,0.07333699613809586,0.07515271753072739,0.20885105431079865,0.2114846259355545,0.2306145280599594
0.08705952763557434,0.1285184770822525,0.12085650861263275,0.02717757783830166,0.030280092731118202,0.029229875653982162,0.07492057979106903,0.06720149517059326,0.0766729861497879,0.07179906964302063,0.07332351058721542,0.07514161616563797,0.20896142721176147,0.21182863414287567,0.2311161309480667
0.087071992456913,0.1281559020280838,0.12062817811965942,0.027129746973514557,0.03026028349995613,0.029205230996012688,0.07483994960784912,0.06707525998353958,0.0764848068356514,0.07175347954034805,0.07320833951234818,0.07498627156019211,0.2080812305212021,0.21059779822826385,0.23044729232788086
0.08717851340770721,0.128215491771698,0.1207030639052391,0.0271838940680027,0.03025761991739273,0.029236456379294395,0.0749942734837532,0.06716910749673843,0.07651571184396744,0.07196042686700821,0.0735122486948967,0.07514584064483643,0.20863540470600128,0.2120845764875412,0.23089030385017395
0.08691594749689102,0.1280578076839447,0.12052518129348755,0.027130991220474243,0.030257688835263252,0.0292389877140522,0.07494669407606125,0.06712990254163742,0.076496921479702,0.07166969776153564,0.073336660861969,0.07510580867528915,0.20757952332496643,0.21043141186237335,0.2304670810699463
0.08675292879343033,0.12782974541187286,0.12050122767686844,0.027118617668747902,0.030266176909208298,0.029210438951849937,0.0749368891119957,0.06704671680927277,0.07653479278087616,0.07161175459623337,0.07315557450056076,0.07495369762182236,0.20682014524936676,0.21065691113471985,0.22941111028194427
0.08674058318138123,0.12783049046993256,0.12060911953449249,0.027120204642415047,0.030188608914613724,0.029221443459391594,0.07495778053998947,0.06709996610879898,0.07654924690723419,0.071519635617733,0.0730884000658989,0.07503116875886917,0.20685167610645294,0.20981813967227936,0.2296067178249359
0.08686178922653198,0.12787048518657684,0.12057796120643616,0.027165930718183517,0.03029792010784149,0.02922961302101612,0.07490911334753036,0.06711753457784653,0.07654187828302383,0.0714975893497467,0.07321985810995102,0.0750197246670723,0.2064545750617981,0.21052202582359314,0.23003673553466797
0.08672753721475601,0.12765049934387207,0.12052352726459503,0.027104830369353294,0.030223587527871132,0.029187509790062904,0.0748889371752739,0.0670575350522995,0.07651200890541077,0.07150044292211533,0.07315406948328018,0.07490027695894241,0.20586657524108887,0.20974385738372803,0.2291448414325714
0.08677311986684799,0.12788720428943634,0.12044034898281097,0.02715657278895378,0.030267799273133278,0.02924712561070919,0.07499998062849045,0.06710772216320038,0.07662124931812286,0.07151976227760315,0.07331374287605286,0.0751265287399292,0.2065039724111557,0.21033795177936554,0.2290148138999939
0.0870840921998024,0.12803079187870026,0.12064992636442184,0.02718130312860012,0.030281636863946915,0.029268557205796242,0.07505928725004196,0.06710229068994522,0.07663454115390778,0.0716046616435051,0.07324158400297165,0.0750385969877243,0.20686356723308563,0.2110605090856552,0.2306671440601349
0.08698573708534241,0.12808631360530853,0.12051817029714584,0.02715480886399746,0.03028467297554016,0.02924185059964657,0.07496905326843262,0.06709299236536026,0.07667110115289688,0.0716051235795021,0.07326466590166092,0.07508024573326111,0.20583301782608032,0.21044008433818817,0.23043294250965118
0.08696621656417847,0.12808799743652344,0.12061276286840439,0.027149761095643044,0.030303029343485832,0.029257481917738914,0.07492159307003021,0.06715439260005951,0.07657818496227264,0.0715932548046112,0.07329431176185608,0.07511302828788757,0.20610634982585907,0.21074634790420532,0.22980211675167084
0.08665367215871811,0.12768837809562683,0.12039691209793091,0.027130981907248497,0.030185574665665627,0.029168233275413513,0.07488946616649628,0.06702963262796402,0.07649222761392593,0.07132530957460403,0.07301414757966995,0.07490132004022598,0.20459666848182678,0.2091119885444641,0.2288208156824112
0.08663078397512436,0.12773942947387695,0.12022796273231506,0.027132239192724228,0.030158068984746933,0.029225651174783707,0.07480809092521667,0.06703793257474899,0.07644842565059662,0.07132986932992935,0.07293366640806198,0.07490413635969162,0.20327965915203094,0.20869575440883636,0.22840581834316254
0.0866599977016449,0.12776346504688263,0.12022658437490463,0.02713039331138134,0.030212776735424995,0.029220908880233765,0.07483157515525818,0.06695252656936646,0.07656286656856537,0.07131152600049973,0.0731101855635643,0.07488799095153809,0.20363715291023254,0.20864655077457428,0.22794809937477112
0.08653456717729568,0.1277608722448349,0.12042674422264099,0.027141369879245758,0.03024650551378727,0.0292167067527771,0.07484956830739975,0.0670047178864479,0.07655280828475952,0.07128048688173294,0.07284221798181534,0.07508903741836548,0.2036893665790558,0.2081156075000763,0.22901850938796997
0.08648896962404251,0.12781324982643127,0.12034764885902405,0.027113549411296844,0.030209608376026154,0.029191726818680763,0.07485644519329071,0.06695815920829773,0.0765211284160614,0.071241095662117,0.07284921407699585,0.07495535165071487,0.20236633718013763,0.20877212285995483,0.22864675521850586
0.08666080981492996,0.12796679139137268,0.12057918310165405,0.0271602850407362,0.030266668647527695,0.029245637357234955,0.07489296048879623,0.06695970147848129,0.07647107541561127,0.07126772403717041,0.07295335829257965,0.07500045746564865,0.20301564037799835,0.20878230035305023,0.22846969962120056
0.08682027459144592,0.12787285447120667,0.12021932750940323,0.02711731567978859,0.030277671292424202,0.029263978824019432,0.07496730238199234,0.06701137125492096,0.07650282233953476,0.07126925885677338,0.07288945466279984,0.07505038380622864,0.20323684811592102,0.20814888179302216,0.22904975712299347
0.08675006031990051,0.12791912257671356,0.12043420225381851,0.027112089097499847,0.03022034466266632,0.02924482710659504,0.0748891830444336,0.06694944202899933,0.07649358361959457,0.07143477350473404,0.07289216667413712,0.07491566240787506,0.20235222578048706,0.2085840106010437,0.22792015969753265
0.08651914447546005,0.12795521318912506,0.120259590446949,0.027083342894911766,0.030277980491518974,0.029214367270469666,0.07482916116714478,0.06689335405826569,0.07646983861923218,0.07113619893789291,0.07273374497890472,0.07492528855800629,0.20154395699501038,0.20762421190738678,0.2284204661846161
0.08682454377412796,0.12806221842765808,0.12046229839324951,0.027125436812639236,0.030281860381364822,0.029295016080141068,0.07500158995389938,0.06708212196826935,0.07666982710361481,0.07133375853300095,0.07308114320039749,0.07510847598314285,0.202855184674263,0.20975251495838165,0.2292608916759491
0.08647535741329193,0.12777341902256012,0.11992352455854416,0.02709609642624855,0.030239056795835495,0.029254985973238945,0.07472579926252365,0.06691204011440277,0.07648631930351257,0.07101792842149734,0.07277088612318039,0.07488541305065155,0.1998840719461441,0.20748639106750488,0.22766338288784027
0.08660828322172165,0.12781308591365814,0.12007535994052887,0.02709481306374073,0.030256595462560654,0.029234381392598152,0.07484542578458786,0.06689316779375076,0.0765363872051239,0.07115907967090607,0.0727454274892807,0.07492843270301819,0.20061857998371124,0.20801739394664764,0.22789081931114197
0.08638542145490646,0.12793387472629547,0.12015066295862198,0.02715241350233555,0.030262375250458717,0.02930748648941517,0.07487758249044418,0.06700224429368973,0.07652802765369415,0.0711790919303894,0.07285742461681366,0.07503137737512589,0.19999372959136963,0.20856338739395142,0.22838379442691803
0.08650441467761993,0.1280025988817215,0.11996372044086456,0.02711443603038788,0.03026132471859455,0.029223501682281494,0.07488158345222473,0.06705419719219208,0.07651147991418839,0.07107112556695938,0.07282238453626633,0.07480079680681229,0.20014432072639465,0.20810072124004364,0.22794872522354126
0.08634423464536667,0.1279316395521164,0.1201237291097641,0.027087964117527008,0.030248800292611122,0.029232941567897797,0.07475236058235168,0.0669478252530098,0.07648413628339767,0.07106845080852509,0.07285887002944946,0.07496505230665207,0.1996939331293106,0.2076931893825531,0.2284003347158432
0.08675912022590637,0.1280149221420288,0.12022055685520172,0.02707051858305931,0.030233317986130714,0.029275692999362946,0.07474947720766068,0.06686468422412872,0.07646755874156952,0.07106845825910568,0.0728263109922409,0.07476484775543213,0.1987159252166748,0.2070927768945694,0.22749020159244537
0.08648717403411865,0.12792833149433136,0.12001734972000122,0.027078857645392418,0.0301916915923357,0.029210416600108147,0.07471286505460739,0.06682930141687393,0.07647982239723206,0.07089472562074661,0.07269463688135147,0.0747104287147522,0.19855226576328278,0.2069794088602066,0.22742478549480438
0.08643857389688492,0.12777158617973328,0.11996574699878693,0.02710605412721634,0.03025481477379799,0.02922433614730835,0.07477004081010818,0.06692581623792648,0.07656934857368469,0.07105156034231186,0.07264699041843414,0.0747804045677185,0.19856424629688263,0.20690444111824036,0.22760236263275146
0.08643677085638046,0.12774477899074554,0.11984404176473618,0.027103856205940247,0.030193356797099113,0.029228854924440384,0.07466170936822891,0.0668637752532959,0.07637175917625427,0.07100722193717957,0.07265433669090271,0.07475236058235168,0.19807803630828857,0.20677708089351654,0.227783665060997
0.08643172681331635,0.1274707019329071,0.11974979192018509,0.027070507407188416,0.030164506286382675,0.029221409931778908,0.07465047389268875,0.06678996980190277,0.07644084841012955,0.07075541466474533,0.07262895256280899,0.0747019425034523,0.19732148945331573,0.20677629113197327,0.22715744376182556
0.08623778820037842,0.12773431837558746,0.11977332830429077,0.027083521708846092,0.030154623091220856,0.02922656387090683,0.07471806555986404,0.06696775555610657,0.07651253044605255,0.07067789137363434,0.07251352071762085,0.07482990622520447,0.19731736183166504,0.20666274428367615,0.22711245715618134
0.0863548219203949,0.12798883020877838,0.11995358765125275,0.027121651917696,0.030239824205636978,0.02930738590657711,0.07470425218343735,0.06688804924488068,0.07651907205581665,0.07088255137205124,0.07258762419223785,0.07479161769151688,0.1977258324623108,0.20648545026779175,0.22776512801647186
0.08616246283054352,0.12769891321659088,0.1198967918753624,0.027055848389863968,0.03013615496456623,0.029189016669988632,0.07460974901914597,0.06674438714981079,0.07639916986227036,0.07063255459070206,0.07232242822647095,0.07460213452577591,0.19669587910175323,0.20526064932346344,0.22536572813987732
0.08638166636228561,0.12754599750041962,0.12000139057636261,0.027144024148583412,0.030214376747608185,0.02927580662071705,0.07462694495916367,0.06686294078826904,0.07645256817340851,0.07090146839618683,0.07257784903049469,0.07475114613771439,0.19649600982666016,0.20662443339824677,0.22777675092220306
0.0859905257821083,0.12746410071849823,0.11978747695684433,0.027059923857450485,0.030138399451971054,0.029218552634119987,0.07450146228075027,0.06678993999958038,0.07631944864988327,0.07063289731740952,0.07232644408941269,0.07452403008937836,0.19478538632392883,0.2047325074672699,0.22599166631698608
0.08602183312177658,0.12742291390895844,0.11952216923236847,0.027011649683117867,0.03013746440410614,0.02920856885612011,0.07461319863796234,0.06668630987405777,0.07639674842357635,0.07069678604602814,0.07220969349145889,0.07463639229536057,0.1958702951669693,0.20486082136631012,0.22626130282878876
0.08587394654750824,0.12749020755290985,0.11958061903715134,0.027066612616181374,0.030068980529904366,0.029231010004878044,0.07446906715631485,0.0668107196688652,0.07627708464860916,0.0703728199005127,0.07218297570943832,0.0744708701968193,0.1938076764345169,0.20457306504249573,0.22460505366325378
0.08601344376802444,0.12747754156589508,0.11966260522603989,0.026997515931725502,0.030118823051452637,0.0292306337505579,0.07457525283098221,0.06673564016819,0.0763736218214035,0.07044465839862823,0.07229281216859818,0.07455570250749588,0.19451689720153809,0.20435164868831635,0.2250959575176239
0.08561008423566818,0.1272825300693512,0.11956498771905899,0.027073176577687263,0.03006313554942608,0.029221808537840843,0.07444476336240768,0.06675691157579422,0.0762283131480217,0.07035613059997559,0.07225833088159561,0.07450751960277557,0.1933744102716446,0.20479059219360352,0.22576011717319489
0.08603495359420776,0.12734873592853546,0.11950676888227463,0.02707478031516075,0.03011137992143631,0.02927471324801445,0.07457704097032547,0.06673181056976318,0.0763813778758049,0.0704575926065445,0.07223621010780334,0.07466451823711395,0.1946071833372116,0.20471081137657166,0.22599384188652039
0.08615700155496597,0.12739041447639465,0.11953592300415039,0.027065370231866837,0.03009507805109024,0.029225734993815422,0.07453808933496475,0.06671411544084549,0.07624641805887222,0.07038386166095734,0.07219159603118896,0.074525848031044,0.1932370662689209,0.20438452064990997,0.22534921765327454
0.08621639013290405,0.127470001578331,0.11993633955717087,0.02710014209151268,0.030107863247394562,0.029213489964604378,0.07450048625469208,0.06678438186645508,0.0763092115521431,0.07056445628404617,0.07230472564697266,0.07467957586050034,0.1942431926727295,0.2050289362668991,0.22587105631828308
0.08593757450580597,0.12759056687355042,0.11976980417966843,0.02702605538070202,0.03008674830198288,0.029248924925923347,0.0745280385017395,0.06677223742008209,0.07629033178091049,0.07047877460718155,0.07232336699962616,0.07455065846443176,0.19374693930149078,0.2046259343624115,0.2247963696718216
0.0857681855559349,0.1272258162498474,0.11939343810081482,0.027036530897021294,0.030059579759836197,0.029249243438243866,0.07451970875263214,0.06673262268304825,0.0763222873210907,0.07036908715963364,0.07215835899114609,0.07450544834136963,0.192790687084198,0.20349575579166412,0.22491060197353363
